"Treatment","Estimate","LCL","UCL"
"Control",-0.0202,-0.05173,0.0113
"Low",0.0231,-0.00156,0.0478
"Medium",0.029,0.0062,0.0519
"High",0.0437,0.01954,0.0679
