"emmeans.TREATMENT","emmeans.response","emmeans.SE","emmeans.df","emmeans.asymp.LCL","emmeans.asymp.UCL"
"Control",0.18017877202106,0.0684578632105841,Inf,0.0855646956262526,0.379413374282565
"Low",0.23361793865527,0.0776253514959166,Inf,0.121807315971087,0.448062916635421
"Medium",0.280406030923468,0.0909682214522883,Inf,0.148471772756569,0.529579062190958
"High",0.262311754963683,0.0885530487088929,Inf,0.135351522190202,0.508361159732182
