"emmeans.TREATMENT","emmeans.response","emmeans.SE","emmeans.df","emmeans.asymp.LCL","emmeans.asymp.UCL"
"Control",0.244541416911014,0.10824995420601,Inf,0.102696394390604,0.58230383782897
"Low",0.414500792086135,0.16798626313802,Inf,0.187307763939371,0.917265269877684
"Medium",0.449206634033351,0.18650492157696,Inf,0.199084766557036,1.01357127192232
"High",0.315035166033512,0.139550318387302,Inf,0.132222228781286,0.750608704395167
