"emmeans.treatment","emmeans.response","emmeans.SE","emmeans.df","emmeans.asymp.LCL","emmeans.asymp.UCL"
"0",10.6115672055584,6.33992575559241,Inf,3.29022473526642,34.2242149452946
"4",44.8356061958865,25.63260054323,Inf,14.6214189045005,137.48539701122
"8",63.1658466891409,36.0513338315038,Inf,20.6379599297384,193.329389219656
"12",58.7322337598,33.5717712403266,Inf,19.1568251991088,180.06508106449
