"emmeans.Treatment","emmeans.response","emmeans.SE","emmeans.df","emmeans.asymp.LCL","emmeans.asymp.UCL"
"Baited",161.576704454926,68.0908696666383,Inf,70.7407284632843,369.052340704471
"Control",14.011257971156,5.97689310756382,Inf,6.0725815539774,32.3281537167171
