"emmeans.Treatment","emmeans.response","emmeans.SE","emmeans.df","emmeans.asymp.LCL","emmeans.asymp.UCL"
"Baited",124.852562190861,46.4096144208901,Inf,60.2549563016713,258.703403709718
"Control",14.6628100812959,5.58569952765445,Inf,6.94956576447895,30.9368968891646
