"emmeans.treatment","emmeans.rate","emmeans.SE","emmeans.df","emmeans.asymp.LCL","emmeans.asymp.UCL"
"0",0.543880272694119,0.148216693075064,Inf,0.318813205362028,0.927834060982285
"4",0.747639154825218,0.19878138338038,Inf,0.443992478960999,1.25894994243105
"8",0.87314783395743,0.229407043475622,Inf,0.52173120150274,1.46126422523447
"12",0.819019999210377,0.216394770980539,Inf,0.487974346524983,1.37464963862034
