"emmeans.TREATMENT","emmeans.response","emmeans.SE","emmeans.df","emmeans.asymp.LCL","emmeans.asymp.UCL"
"Control",0.158820855864389,0.0567258297156253,Inf,0.0788651313824477,0.319837979286128
"Low",0.206096717103129,0.0652008546293184,Inf,0.1108624704918,0.383140088907081
"Medium",0.249657328507753,0.0777642757213789,Inf,0.135584053965859,0.459705841907657
"High",0.2253408033747,0.0758137262290406,Inf,0.116536330935477,0.43573087686852
