"Treatment","Estimate","LCL","UCL"
"Control",0.0132,-0.06855,0.0949
"Low",0.0903,0.02032,0.1602
"Medium",0.0709,0.00621,0.1355
"High",0.0981,0.0312,0.165
