"emmeans.treatment","emmeans.response","emmeans.SE","emmeans.df","emmeans.asymp.LCL","emmeans.asymp.UCL"
"0",0.669339888854915,0.369399038362103,Inf,0.226924215532958,1.97429739157671
"4",3.11587578443325,1.66695561371028,Inf,1.09193722698195,8.8912454526821
"8",5.40345044765953,2.87448015814209,Inf,1.90483097563531,15.3280144610069
"12",4.64098368991501,2.4720250585108,Inf,1.63386663990662,13.1826729819811
