"Treatment","Estimate","LCL","UCL"
"Control",-0.0222,-0.05488,0.0104
"Low",0.018,-0.00219,0.0382
"Medium",0.0304,0.01289,0.048
"High",0.0339,0.0159,0.052
