"emmeans.TREATMENT","emmeans.rate","emmeans.SE","emmeans.df","emmeans.asymp.LCL","emmeans.asymp.UCL"
"High",1.69011035555395,0.451915812335643,Inf,1.00072255904609,2.85441053379826
"Control",0.845042071013172,0.300221632317973,Inf,0.421180637268833,1.69546279813057
"Low",1.03283712135396,0.336774618377563,Inf,0.545108154833284,1.95695571564689
"Medium",1.69007980735247,0.451910491001488,Inf,1.00070116747476,2.85436836496206
