"control_mu","treat"
3.81592266478232,44.1734779169327
0.638956948841365,7.96014109082917
11.5468499197964,130.704256237018
