"emmeans.treatment","emmeans.response","emmeans.SE","emmeans.df","emmeans.asymp.LCL","emmeans.asymp.UCL"
"0",0.669341629320437,0.369393186963702,Inf,0.226929332041354,1.97426314487937
"4",3.11587390438734,1.66692089897129,Inf,1.09195972156044,8.89105156201921
"8",5.40345853928743,2.87443249943435,Inf,1.90486973133568,15.3277485097762
"12",4.64097873176038,2.47197683477614,Inf,1.63389634719508,13.1824051296937
