"emmeans.TREATMENT","emmeans.response","emmeans.SE","emmeans.df","emmeans.asymp.LCL","emmeans.asymp.UCL"
"Control",0.244541416911014,0.108249953384325,Inf,0.10269639506693,0.5823038339941
"Low",0.414500792086135,0.167986416454051,Inf,0.187307628149956,0.917265934852814
"Medium",0.449206634033351,0.186505262721324,Inf,0.199084470225523,1.01357278059403
"High",0.315035166033512,0.139550725901768,Inf,0.132221893556587,0.75061060742779
