"emmeans.treatment","emmeans.emmean","emmeans.SE","emmeans.df","emmeans.lower.CL","emmeans.upper.CL"
"0",2.40000000000001,0.395108993834579,11.1414348110099,1.53171595972798,3.26828404027205
"4",2.30000000000001,0.395108993834579,11.1414348110099,1.43171595972798,3.16828404027205
"8",2.80000000000001,0.395108993834579,11.1414348110099,1.93171595972798,3.66828404027205
"12",2.70000000000001,0.395108993834579,11.1414348110099,1.83171595972798,3.56828404027205
